USER_ID,USERNAME,PASSWORD_HASH,ROLE,EMAIL
1,admin,$2a$10$hash0001,Admin,admin@example.com
2,manager1,$2a$10$hash0002,Manager,manager1@example.com
3,supervisor1,$2a$10$hash0003,Supervisor,supervisor1@example.com
4,adjuster1,$2a$10$hash0004,Adjuster,adjuster1@example.com
5,adjuster2,$2a$10$hash0005,Adjuster,adjuster2@example.com
6,adjuster3,$2a$10$hash0006,Adjuster,adjuster3@example.com
7,adjuster4,$2a$10$hash0007,Adjuster,adjuster4@example.com
8,adjuster5,$2a$10$hash0008,Adjuster,adjuster5@example.com
9,manager2,$2a$10$hash0009,Manager,manager2@example.com
10,supervisor2,$2a$10$hash0010,Supervisor,supervisor2@example.com
11,adjuster6,$2a$10$hash0011,Adjuster,adjuster6@example.com
12,adjuster7,$2a$10$hash0012,Adjuster,adjuster7@example.com
13,adjuster8,$2a$10$hash0013,Adjuster,adjuster8@example.com
14,adjuster9,$2a$10$hash0014,Adjuster,adjuster9@example.com
15,adjuster10,$2a$10$hash0015,Adjuster,adjuster10@example.com
16,manager3,$2a$10$hash0016,Manager,manager3@example.com
17,supervisor3,$2a$10$hash0017,Supervisor,supervisor3@example.com
18,adjuster11,$2a$10$hash0018,Adjuster,adjuster11@example.com
19,adjuster12,$2a$10$hash0019,Adjuster,adjuster12@example.com
20,adjuster13,$2a$10$hash0020,Adjuster,adjuster13@example.com
21,adjuster14,$2a$10$hash0021,Adjuster,adjuster14@example.com
22,adjuster15,$2a$10$hash0022,Adjuster,adjuster15@example.com
23,manager4,$2a$10$hash0023,Manager,manager4@example.com
24,supervisor4,$2a$10$hash0024,Supervisor,supervisor4@example.com
25,adjuster16,$2a$10$hash0025,Adjuster,adjuster16@example.com
26,adjuster17,$2a$10$hash0026,Adjuster,adjuster17@example.com
27,adjuster18,$2a$10$hash0027,Adjuster,adjuster18@example.com
28,adjuster19,$2a$10$hash0028,Adjuster,adjuster19@example.com
29,adjuster20,$2a$10$hash0029,Adjuster,adjuster20@example.com
30,manager5,$2a$10$hash0030,Manager,manager5@example.com
31,supervisor5,$2a$10$hash0031,Supervisor,supervisor5@example.com
32,adjuster21,$2a$10$hash0032,Adjuster,adjuster21@example.com
33,adjuster22,$2a$10$hash0033,Adjuster,adjuster22@example.com
34,adjuster23,$2a$10$hash0034,Adjuster,adjuster23@example.com
35,adjuster24,$2a$10$hash0035,Adjuster,adjuster24@example.com
36,adjuster25,$2a$10$hash0036,Adjuster,adjuster25@example.com
37,manager6,$2a$10$hash0037,Manager,manager6@example.com
38,supervisor6,$2a$10$hash0038,Supervisor,supervisor6@example.com
39,adjuster26,$2a$10$hash0039,Adjuster,adjuster26@example.com
40,adjuster27,$2a$10$hash0040,Adjuster,adjuster27@example.com
41,adjuster28,$2a$10$hash0041,Adjuster,adjuster28@example.com
42,adjuster29,$2a$10$hash0042,Adjuster,adjuster29@example.com
43,adjuster30,$2a$10$hash0043,Adjuster,adjuster30@example.com
44,manager7,$2a$10$hash0044,Manager,manager7@example.com
45,supervisor7,$2a$10$hash0045,Supervisor,supervisor7@example.com
46,adjuster31,$2a$10$hash0046,Adjuster,adjuster31@example.com
47,adjuster32,$2a$10$hash0047,Adjuster,adjuster32@example.com
48,adjuster33,$2a$10$hash0048,Adjuster,adjuster33@example.com
49,adjuster34,$2a$10$hash0049,Adjuster,adjuster34@example.com
50,adjuster35,$2a$10$hash0050,Adjuster,adjuster35@example.com
51,manager8,$2a$10$hash0051,Manager,manager8@example.com
52,supervisor8,$2a$10$hash0052,Supervisor,supervisor8@example.com
53,adjuster36,$2a$10$hash0053,Adjuster,adjuster36@example.com
54,adjuster37,$2a$10$hash0054,Adjuster,adjuster37@example.com
55,adjuster38,$2a$10$hash0055,Adjuster,adjuster38@example.com
56,adjuster39,$2a$10$hash0056,Adjuster,adjuster39@example.com
57,adjuster40,$2a$10$hash0057,Adjuster,adjuster40@example.com
58,manager9,$2a$10$hash0058,Manager,manager9@example.com
59,supervisor9,$2a$10$hash0059,Supervisor,supervisor9@example.com
60,adjuster41,$2a$10$hash0060,Adjuster,adjuster41@example.com
61,adjuster42,$2a$10$hash0061,Adjuster,adjuster42@example.com
62,adjuster43,$2a$10$hash0062,Adjuster,adjuster43@example.com
63,adjuster44,$2a$10$hash0063,Adjuster,adjuster44@example.com
64,adjuster45,$2a$10$hash0064,Adjuster,adjuster45@example.com
65,manager10,$2a$10$hash0065,Manager,manager10@example.com
66,supervisor10,$2a$10$hash0066,Supervisor,supervisor10@example.com
67,adjuster46,$2a$10$hash0067,Adjuster,adjuster46@example.com
68,adjuster47,$2a$10$hash0068,Adjuster,adjuster47@example.com
69,adjuster48,$2a$10$hash0069,Adjuster,adjuster48@example.com
70,adjuster49,$2a$10$hash0070,Adjuster,adjuster49@example.com
71,adjuster50,$2a$10$hash0071,Adjuster,adjuster50@example.com
72,manager11,$2a$10$hash0072,Manager,manager11@example.com
73,supervisor11,$2a$10$hash0073,Supervisor,supervisor11@example.com
74,adjuster51,$2a$10$hash0074,Adjuster,adjuster51@example.com
75,adjuster52,$2a$10$hash0075,Adjuster,adjuster52@example.com
76,adjuster53,$2a$10$hash0076,Adjuster,adjuster53@example.com
77,adjuster54,$2a$10$hash0077,Adjuster,adjuster54@example.com
78,adjuster55,$2a$10$hash0078,Adjuster,adjuster55@example.com
79,manager12,$2a$10$hash0079,Manager,manager12@example.com
80,supervisor12,$2a$10$hash0080,Supervisor,supervisor12@example.com
81,adjuster56,$2a$10$hash0081,Adjuster,adjuster56@example.com
82,adjuster57,$2a$10$hash0082,Adjuster,adjuster57@example.com
83,adjuster58,$2a$10$hash0083,Adjuster,adjuster58@example.com
84,adjuster59,$2a$10$hash0084,Adjuster,adjuster59@example.com
85,adjuster60,$2a$10$hash0085,Adjuster,adjuster60@example.com
86,manager13,$2a$10$hash0086,Manager,manager13@example.com
87,supervisor13,$2a$10$hash0087,Supervisor,supervisor13@example.com
88,adjuster61,$2a$10$hash0088,Adjuster,adjuster61@example.com
89,adjuster62,$2a$10$hash0089,Adjuster,adjuster62@example.com
90,adjuster63,$2a$10$hash0090,Adjuster,adjuster63@example.com
91,adjuster64,$2a$10$hash0091,Adjuster,adjuster64@example.com
92,adjuster65,$2a$10$hash0092,Adjuster,adjuster65@example.com
93,manager14,$2a$10$hash0093,Manager,manager14@example.com
94,supervisor14,$2a$10$hash0094,Supervisor,supervisor14@example.com
95,adjuster66,$2a$10$hash0095,Adjuster,adjuster66@example.com
96,adjuster67,$2a$10$hash0096,Adjuster,adjuster67@example.com
97,adjuster68,$2a$10$hash0097,Adjuster,adjuster68@example.com
98,adjuster69,$2a$10$hash0098,Adjuster,adjuster69@example.com
99,adjuster70,$2a$10$hash0099,Adjuster,adjuster70@example.com
100,manager15,$2a$10$hash0100,Manager,manager15@example.com
